ABBREVIATION,FULL NAME,City and Country,Synonyms/Notes,ONLINE WEBSITE/DATABASE IF AVAILABLE
ACUNHC,Abilene Christian University Natural History Collection,"Abilene, United States of America",NA,https://csvcoll.org/portal/collections/misc/collprofiles.php?collid=1029
ALP,"Coleção Adriano Lúcio Peracchi, Universidade Federal Rural do Rio de Janeiro","Rio de Janeiro, Brazil",Catalog prefix ALP in MDD type vouchers; same collection as UFRRJ,http://r1.ufrrj.br/labmasto/colecao.html
AHUB,Anhui Normal University,"Wuhu, Anhui, China",Catalog prefix in MDD type vouchers; verify against AHNU if needed,NA
AHNU,Anhui Normal University,"Wuhu, Anhui, China",Catalog prefix AHNU in MDD type vouchers; same institution as AHUB,https://biology.ahnu.edu.cn/info/1066/4123.htm
AIMZ,"Anthropological Institute and Museum, University of Zurich","Zurich, Switzerland",Catalog prefix AIMZ in MDD type vouchers,https://www.aim.uzh.ch/
AM,Australian Museum,"Sydney, Australia",NA,https://australian.museum/learn/collections/natural-science/mammalogy/
AMNH,American Museum of Natural History,"New York, United States of America",NA,https://sci-web-001.amnh.org/db/emuwebamnh/index.php
ANSP,Academy of Natural Sciences of Drexel University,"Philadelphia, United States of America",NA,https://ansp.org/research/systematics-evolution/mammalogy/
ANWC,Australian National Wildlife Collection,"Canberra, Australia",Synonyms: CSIRO,https://www.csiro.au/en/Research/Collections/ANWC
BM,"Natural History Museum, London","London, United Kingdom",British Museum (Natural History); synonyms include BMNH,https://data.nhm.ac.uk/
BMNH,"Natural History Museum, London","London, United Kingdom",Catalog prefix BMNH in MDD type vouchers; same institution as BM,https://data.nhm.ac.uk/
BMNHC,"Natural History Museum, London","London, United Kingdom",Catalog prefix BMNHC in MDD type vouchers; same institution as BM,https://data.nhm.ac.uk/
BPBM,Bernice Pauahi Bishop Museum,"Honolulu, United States of America",NA,https://www.bishopmuseum.org/vertebrate-zoology/
BNHS,Bombay Natural History Society,"Mumbai, India",Catalog prefix BNHS in MDD type vouchers,https://www.bnhs.org/
BRTC,Biodiversity Research and Teaching Collections Texas A&M University,"College Station, United States of America",NA,https://brtc.tamu.edu/collections/mammals/
BIZ,Institute of Zoology (Beijing) specimen catalog,"Beijing, China",Catalog prefix BIZ in MDD vouchers; same institution as IOZCAS,http://museum.ioz.ac.cn/
CAS,California Academy of Sciences,"San Francisco, United States of America",NA,https://www.calacademy.org/scientists/ornithology-mammalogy
CBF,Coleccíon Boliviana de Fauna,"La Paz, Bolivia",NA,http://www.mnhn.gob.bo/zoologia.php
CFA-MA,"Colección Mastozoológica de la Fundación de Historia Natural Félix de Azara","Buenos Aires, Argentina",Catalog prefix CFA-MA in MDD type vouchers; Fundación Azara mammal collection,https://fundacionazara.org.ar/colecciones-cientificas/
CEBIOMAS,"Centro de Ecología y Biodiversidad, Lima, Peru","Lima, Peru",NA,https://www.facebook.com/CEBIO.Peru/
CIB,Centro de Investigaciones Biológicas del Noroeste,"La Paz, Mexico",NA,https://www.cibnor.gob.mx/
CM,Carnegie Museum of Natural History,"Pittsburgh, United States of America",NA,https://carnegiemnh.org/research/mammals/
CMI,Colección Mastozoológica del IADIZA,"Mendoza, Argentina",Catalog prefix CMI in MDD type vouchers; IADIZA-CMI collection,https://ipt.mincyt.gob.ar/resource?r=mastozoologica
CML,Colección Mamíferos Lillo,"Tucumán, Argentina",NA,http://pidba.com.ar/?page_id=2452
CMN,Canadian Museum of Nature,"Ottawa, Canada",Catalog prefix CMN in MDD type vouchers; distinct from CM (Carnegie Museum),https://nature.ca/collections-online
CNP,Colección de Mamíferos del Centro Nacional Patagónico,"Puerto Madryn, Argentina",Catalog prefix CNP in MDD type vouchers; CENPAT-CONICET mammal collection,https://ipt.cenpat-conicet.gob.ar/resource?r=cnp_mam_terre
CNMA,Colección Nacional de Mamíferos (UNAM),"Mexico City, Mexico",Catalog prefix CNMA in MDD vouchers; same institution as IBUNAM (CNMA),http://www.ibiologia.unam.mx/cnma/
CNM,Colección Nacional de Mamíferos (UNAM),"Mexico City, Mexico",Catalog prefix CNM in MDD vouchers; same institution as CNMA and IBUNAM,http://www.ibiologia.unam.mx/cnma/
CMUFLA,Coleção de Mamíferos da Universidade Federal de Lavras,"Lavras, Brazil",NA,https://sites.google.com/site/lecomuflamg/colecao
CUNRC,Colección de Mamíferos de la Universidad Nacional de Río Cuarto,"Río Cuarto, Argentina",Catalog prefix CUNRC in MDD type vouchers,https://www.unrc.edu.ar/
CTNRC,Centre for Thai National Reference Collections,"Bangkok, Thailand",Synonyms: TNRC,NA
CSIRO,CSIRO Australian National Wildlife Collection,"Canberra, Australia",Catalog prefix CSIRO in MDD vouchers; same collection as ANWC,https://www.csiro.au/en/Research/Collections/ANWC
CTUA,"Colección Teriológica de la Universidad de Antioquia, Medellín","Medellín, Colombia",Museo de la Universidad de Antioquia (MUA),NA
CUMV,Cornell University Museum of Vertebrates,"Ithaca, United States of America",NA,https://www.cumv.cornell.edu/cumvcornellmammalogy.html
CVULA,Colección de Vertebrados de la Universidad de los Andes,"Bogotá, Colombia",NA,https://museo.uniandes.edu.co/index.php/mamiferos
CVUSB,"Museo de Ciencias Naturales, Universidad Simón Bolívar","Caracas, Venezuela",Catalog prefix CVUSB in MDD type vouchers; Universidad Simón Bolívar vertebrate/mammal collections,http://www.usb.ve/
CWNU,China West Normal University,"Nanchong, China",Catalog prefix CWNU in MDD type vouchers; holotype Vernaya foramena per Wang (1980) redescription,https://english.cwnu.edu.cn/
CZL,"Centro de Zoologica, Instituto de Investigação Científica Tropical","Lisbon, Portugal",NA,NA
CZUS,"Zoological Collection, Sofia University St. Kliment Ohridski","Sofia, Bulgaria",Catalog prefix CZUS in MDD type vouchers; Calomyscus tsolovi holotype,https://www.uni-sofia.bg/
DM,Durban Natural Science Museum,"Durban, South Africa",Synonyms: DNSM,http://www.durban.gov.za/City_Services/ParksRecreation/musuems/nsm/Pages/default.aspx
DNSM,Durban Natural Science Museum,"Durban, South Africa",Catalog prefix DNSM in MDD vouchers; same institution as DM,http://www.durban.gov.za/City_Services/ParksRecreation/musuems/nsm/Pages/default.aspx
DMNH,Durban Natural Science Museum,"Durban, South Africa",Catalog prefix DMNH in MDD type vouchers; same institution as DM and DNSM,http://www.durban.gov.za/City_Services/ParksRecreation/musuems/nsm/Pages/default.aspx
DGIBUFRGS,"Departamento de Genética, Universidade Federal do Rio Grande do Sul","Porto Alegre, Brazil",Catalog prefix DGIBUFRGS in MDD type vouchers,https://www.ufrgs.br/genetica/
DU,Dicle University,"Diyarbakır, Turkey",Catalog prefix DU in MDD type vouchers; Biology Department blind mole-rat type material,https://www.dicle.edu.tr/en
DZAB,Department of Zoology and Biological Anthropology of the University of Sassari,"Sassari, Italy",NA,https://www.uniss.it/
DZSJRP,"Universidade Estadual Paulista “Júlio de Mesquita Filho""","São José do Rio Preto, Brazil",NA,https://www2.unesp.br/
DZUP,"Departamento de Zoologia, Setor de Ciências Biológicas, Universidade Federal do Paraná","Curitiba, Brazil",NA,https://labceas.wordpress.com/colecao-cientifica-de-mastozoologia/
EBD,Estación Biológica de Doñana,"Seville, Spain",NA,http://www.ebd.csic.es/colecciones-cientificas
EBRG,Museo de la Estación Biológica de Rancho Grande,"Aragua, Venezuela",NA,https://ilamdir.org/recurso.vm?id=5513
ECOSUR,"El Colegio de la Frontera Sur, Colección Mastozoológica","San Cristóbal de las Casas, Mexico",Catalog prefix ECOSUR / ECO-SC-M in MDD type vouchers,https://www.ecosur.mx/
ENCB,Escuela Nacional de Ciencias Biológicas,"Mexico City, Mexico","Colección de Mamíferos, Escuela Nacional de Ciencias Biológicas, Instituto Politécnico Nacional",https://www.biodiversidad.gob.mx/fichas-conabio-war/resources/coleccion/451
EPIY,"Yunnan Province Endemic Disease Prevention and Control Institute (historical acronym EPIY / 云南省流行病防治研究所)","Kunming, China",Catalog prefix EPIY in MDD type vouchers; Hadromys yunnanensis type material; successor to older Yunnan epidemic institutes,https://www.yiedc.com/
EPN,"Museo de Historia Natural Gustavo Orcés, Escuela Politécnica Nacional","Quito, Ecuador",Catalog prefix EPN in MDD type vouchers; same institution as MEPN,https://www.epn.edu.ec/museo-de-historia-natural/
EPRC,Endangered Primate Rescue Center,"Cuc Phuong National Park, Vietnam",Catalog prefix EPRC in MDD type vouchers,https://www.eprc.asia/
E. O. Wilson Biodiversity Laboratory Collection,E. O. Wilson Biodiversity Laboratory Collection at Gorongosa National Park,"Chitengo, Mozambique",NA,https://eowilsonfoundation.org/the-biodiversity-collection/
FES,"Faculty of Environmental Sciences, National University of Laos","Vientiane, Laos",Catalog prefix FES.MM in MDD type vouchers,https://www.nuol.edu.la/
FHSM,Sternberg Museum of Natural History,"Hays, United States of America",Catalog prefix FHSM in MDD type vouchers; Fort Hays State University,https://sternberg.fhsu.edu/research-collections/zoology/mammalogy.html
FMNH,Field Museum of Natural History,"Chicago, United States of America",NA,https://collections-zoology.fieldmuseum.org/page/collections-data-mammals
FMSM,Fukushima City Museum of Natural History,"Fukushima, Japan",Catalog prefix FMSM in MDD type vouchers,NA
FIPI,Forest Inventory and Planning Institute,"Hanoi, Vietnam",Catalog prefix FIPI in MDD type vouchers; Vietnam Forest Museum / FIPI,https://fipi.vn/
FCV,"University of Forestry, Vietnam (Forestry University / Đại học Lâm nghiệp)","Xuan Mai, Vietnam",Catalog prefix FCV in MDD type vouchers; Pygathrix cinerea holotype per Nadler (1997),https://vnuf.edu.vn/
FURB,Universidade Regional de Blumenau,"Blumenau, Brazil",Catalog prefix FURB in MDD type vouchers for southern Brazilian rodent type material,https://www.furb.br/
GEC,Grupo de Exploraciones Científicas,"Havana, Cuba",NA,NA
GHENT,"Ghent University Museum (Zoölogisch Museum, Universiteit Gent)","Ghent, Belgium",Catalog prefix MDV; Steno bredanensis syntype MDV50426,https://www.ugent.be/we/biology/museum/en
GBP,Gene Bank of Primates at the German Primate Center,"Göttingen, Germany",Catalog prefix GBP in MDD type vouchers; Deutsches Primatenzentrum tissue/DNA repository,https://www.dpz.eu/en/unit/gene-bank-of-primates/about-us.html
GIE,Guangdong Institute of Entomology,"Guangzhou, China",Catalog prefix GIE in MDD type vouchers,NA
GNMG,Grenada National Museum,"St. George's, Grenada",Catalog prefix GNMG/GNM in MDD type vouchers,https://museum.gd/
GNMT,Georgian National Museum,"Tbilisi, Georgia",Catalog prefix GNMT in MDD type vouchers; related to SGMT/State Georgian Museum,https://museum.ge/index.php?lng=eng&m=2
GZHU,"Key Laboratory of Conservation and Application in Biodiversity of South China, School of Life Sciences, Guangzhou University","Guangzhou, China",NA,http://english.gzhu.edu.cn/info/1008/1851.htm
GZNU,Guizhou Normal University,"Guizhou, China",NA,https://e.gznu.edu.cn/
GUNU,Guizhou Normal University,"Guiyang, China",Catalog prefix GUNU in MDD type vouchers; variant/typo of GZNU for Murina liboensis type material,https://e.gznu.edu.cn/
HDZ,"Omaha's Henry Doorly Zoo and Aquarium","Omaha, United States of America",Catalog prefix HDZ in MDD type vouchers; Grewcock Center for Conservation and Research,https://www.omahazoo.com/conservation-research/
HNHM,Hungarian Natural History Museum,"Budapest, Hungary",NA,http://www.nhmus.hu/en/collection/department_of_zoology/mammal_collection
HZM,Harrison Zoological Institute,"Kent, United Kingdom",NA,https://www.harrison-institute.org/
IADIZA,Instituto Argentino de Investigaciones de las Zonas Aridas,"Mendoza, Argentina",NA,"https://www.mendoza.conicet.gov.ar/portal/iadiza/#:~:text=El%20Instituto%20Argentino%20de%20Investigaciones,y%20el%20Gobierno%20de%20Mendoza."
IBE,"Institute of Biodiversity and Ecology, Zhengzhou University","Zhengzhou, China",Catalog prefix IBE in MDD type vouchers; Uropsilus funiushanensis holotype IBE00300 per Jiang et al. (2025) deposited here,https://www.zzu.edu.cn/en/
IBUNAM (CNMA),"Colección de Mamíferos, Instituto de Biología, Universidad Nacional Autónoma de México","Mexico City, Mexico",Synonyms: CNMA,http://www.ibiologia.unam.mx/cnma/
IBSS,"Institute of Biology and Soil Science, Far East Branch of the Russian Academy of Sciences","Vladivostok, Russia",NA,http://old.febras.ru/instlist/bpi_.html
ICN,"Colección de Mamíferos Alberto Cadena García, Instituto de Ciencias Naturales, Bogotá","Bogotá, Colombia",NA,https://mammalogynotes.org/ojs/index.php/mn/article/view/199/317
IDSM,Instituto de Desenvolvimento Sustentável Mamirauá,"Tefé, Brazil",Catalog prefix IDSM in MDD type vouchers,https://mamiraua.org.br/
IEBR,Institute of Ecology and Biological Resources,"Hanoi, Vietnam",NA,http://www.iebr.ac.vn/pages/eiebr.asp
IES,Institute of Ecology and Systematics,"Havana, Cuba",Catalog prefix IES in MDD type vouchers,NA
IAVH,"Instituto de Investigación de Recursos Biológicos Alexander von Humboldt","Villa de Leyva, Colombia",Catalog prefix IAvH/IAVH in MDD type vouchers,https://www.humboldt.org.co/
INPA,National Research Institute of the Amazon,"Manaus, Brazil",NA,https://www.inpa.gov.br/english/
IBVAST,"Institute of Biology, Vietnam Academy of Science and Technology","Hanoi, Vietnam",Catalog prefix IBVAST/IB-VAST in MDD type vouchers,https://vast.gov.vn/
IFAN,Institut Fondamental d'Afrique Noire,"Dakar, Senegal",Catalog prefix IFAN in MDD type vouchers,https://ifan.ucad.sn/
IOZCAS,"Institute of Zoology, Chinese Academy of Sciences","Beijing, China",Synonyms: BIZ,http://english.ioz.cas.cn/
IPHAS,Ili Prefecture Health and Antiepidemic Station,"Yining, China",Catalog prefix IPHAS in MDD type vouchers for Ili pika type material,NA
IRSNB,Royal Belgian Institute of Natural Sciences,"Brussels, Belgium",Catalog prefix IRSNB in MDD type vouchers; Institut Royal des Sciences Naturelles de Belgique,https://www.naturalsciences.be/
ISAM,Iziko South African Museum,"Cape Town, South Africa",Catalog prefix ISAM in MDD type vouchers; South African Museum mammal collection,https://www.iziko.org.za/museums/south-african-museum/
IZK,Institute of Zoology of Kazakhstan,"Almaty, Kazakhstan",Catalog prefix IZK in MDD type vouchers,https://zool.kz/en/
IZH,Museum and Zoological Institute of the University Halle,"Halle, Germany",Catalog prefix IZH in MDD type vouchers; same institution as MIZH,https://www.uni-halle.de/central_institutions/?lang=en
JAG,E.O. Wilson Biodiversity Laboratory at Gorongosa National Park,"Chitengo, Mozambique",Catalog prefix JAG in MDD type vouchers; Miniopterus wilsoni type; same research collection as E.O. Wilson Lab row,https://gorongosa.org/eo-wilson-laboratory/
JGUM,Johannes Gutenberg University Mainz,"Mainz, Germany",Catalog prefix JGUM in MDD type vouchers for Cheirogaleus type material,https://www.uni-mainz.de/
KIZ,Kunming Institute of Zoology,"Kunming, China",NA,http://english.kiz.cas.cn/
KM,Amathole Museum,"Qonce (King William's Town), South Africa",Catalog prefix KM in MDD type vouchers; formerly Kaffrarian Museum,https://amathole.nasmus.co.za/
KU,University of Kansas Biodiversity Institute and Natural History Museum,"Lawrence, United States of America",NA,https://biodiversity.ku.edu/mammalogy
KURODA,"Collection of Yoshio Kuroda (National Museum of Nature and Science, Tokyo — historical Kuroda mammalogy holdings)","Tokyo, Japan",Catalog prefix Kuroda/KURODA in MDD type vouchers; field labels cite Kuroda collection numbers,https://www.kahaku.go.jp/english/
KUZ,Kyoto University Museum,"Kyoto, Japan",NA,http://www.museum.kyoto-u.ac.jp/index_e.htm
LACM,Natural History Museum of Los Angeles County,"Los Angeles, United States of America",NA,https://nhm.org/
LHB,Zoological Collection of the Royal Agricultural University of Berlin,"Berlin, Germany",Catalog prefix LHB in MDD type vouchers; historical Landwirtschaftliche Hochschule Berlin collection,https://www.sammlungen.hu-berlin.de/sammlungen/zoologische-lehrsammlung/
LIEB-M,Laboratorio de Investigaciones en Evolución y Biodiversidad,"Esquel, Argentina",Catalog prefix LIEB-M in MDD type vouchers; UNPSJB Esquel mammal collection,https://www.unp.edu.ar/
LIVCM,National Museums Liverpool,"Liverpool, United Kingdom",NA,https://www.liverpoolmuseums.org.uk/collections/world-museum-collections
LSUMZ,Louisiana State University Museum of Zoology,"Baton Rouge, United States of America",LSU Museum of Natural Science,https://www.lsu.edu/mns/collections/mammalogy.php
LZH,Hanoi Zoological Museum,"Hanoi, Vietnam",Catalog prefix LZH in MDD type vouchers; likely HZM/Hanoi Zoological Museum for Dao Van Tien type material,https://bio.hus.vnu.edu.vn/en/overview-biological-museum/
MACN,Museo Argentino de Ciencias Naturales Bernardino Rivadavia,"Buenos Aires, Argentina",NA,https://www.macnconicet.gob.ar/investigacion/zoologia-de-vertebrados/#mastozoologia
MACN-MA,Museo Argentino de Ciencias Naturales Bernardino Rivadavia,"Buenos Aires, Argentina",Catalog prefix MACN-MA in MDD type vouchers; same institution as MACN,https://www.macnconicet.gob.ar/investigacion/zoologia-de-vertebrados/#mastozoologia
MAGNT,Museum and Art Gallery of the Northern Territory,"Darwin, Australia",NA,https://www.magnt.net.au/natural-sciences
MAMU,"Macleay Museum, University of Sydney","Camperdown, Australia",MMUS,https://www.sydney.edu.au/museums/collections_search/
MMUS,"Macleay Museum, University of Sydney","Camperdown, Australia",Catalog prefix MMUS in MDD type vouchers; same institution as MAMU,https://www.sydney.edu.au/museums/collections_search/
MBLUZ,"Museo de Biología, Universidad del Zulia","Maracaibo, Venezuela",NA,NA
MBUCV,"Museo de Biología, Universidad Central de Venezuela","Caracas, Venezuela",NA,http://izt.ciens.ucv.ve/izet/?page_id=240
MCNM,"Museo Civico di Storia Naturale, Milan","Milan, Italy",NA,https://museodistorianaturalemilano.it/
MCNPUC,"Museu de Ciências Naturais, Pontifícia Universidade Católica de Minas Gerais","Belo Horizonte, Brazil",Catalog prefix MCNPUC in MDD type vouchers,https://www.pucminas.br/museu/
MCZ,The Louis Agassiz Museum of Comparative Zoology,"Cambridge, United States of America","Museum of Comparative Zoology, Harvard",https://mcz.harvard.edu/database
MCNU,"Museu de Ciências Naturais, Universidade Luterana do Brasil","Canoas, Brazil",Catalog prefix MCNU in MDD type vouchers,https://www.ulbra.br/
MCP,"Museu de Ciências e Tecnologia, Pontifícia Universidade Católica do Rio Grande do Sul","Porto Alegre, Brazil",Catalog prefix MCP in MDD type vouchers; PUCRS paleontology collection,https://www.pucrs.br/mct/colecoes/paleontologia/
MECN,"Museo Ecuatoriano de Ciencias Naturales, Ecuador","Quito, Ecuador",NA,https://museosdmqjennifermeza.wordpress.com/category/ciencias-10/
MEPN,"Museo de Historia Natural - Escuela Politécnica Nacional, Ecuador","Quito, Ecuador",NA,https://www.epn.edu.ec/museo-de-historia-natural/
MF,"Museo di Storia Naturale dell'Università di Firenze","Florence, Italy",Catalog prefix MF in MDD type vouchers,NA
MG-ZV-M,Mammal Collection of the Museo Provincial de Ciencias Naturales “Dr. Ángel Gallardo”,"Rosario, Argentina",NA,https://www.museogallardo.gob.ar/zoologia.php
MGR-ZV-M,Mammal Collection of the Museo Provincial de Ciencias Naturales “Dr. Ángel Gallardo”,"Rosario, Argentina",Catalog prefix MGR-ZV-M in MDD type vouchers; same institution as MG-ZV-M,https://www.museogallardo.gob.ar/zoologia.php
MHN-UCa,Museo de Historia Natural de la Universidad de Caldas,"Manizales, Colombia",NA,
MHNC,Musée d'Histoire Naturelle de la Chaux-de-Fonds,"La Chaux-de-Fonds, Switzerland",NA,https://www.chaux-de-fonds.ch/musees/mhnc/collections/zoologie
MHNC-M,Museo de Historia Natural Alcide d'Orbigny de Cochabamba,"Cochabamba, Bolivia",NA,http://museodorbigny.org/?page_id=708
MHNG,Muséum d'histoire naturelle de la Ville de Genève,"Geneva, Switzerland",NA,http://institutions.ville-geneve.ch/fr/mhn/notre-recherche/collections/
MHNJSL,Museo de Historia Natural Joseph Sánchez Labrador,"Pilar, Paraguay",Catalog prefix MHNJSL in MDD type vouchers; Hombre y Naturaleza Paraguay mastozoological collection,NA
MHNLS,Museo de Historia Natural La Salle,"Caracas, Venezuela",NA,https://fundacionlasalle.org.ve/museos-exhibiciones-y-colecciones/
MHNN,Muséum d'histoire naturelle de Neuchâtel,"Neuchâtel, Switzerland",NA,https://www.museum-neuchatel.ch/collections/
MHNUCA,Museo de Historia Natural de la Universidad de Caldas,"Manizales, Colombia",Catalog prefix MHNUCa/MHNUCA in MDD type vouchers,https://www.ucaldas.edu.co/
MHNSR,Museo Municipal de Historia Natural de San Rafael,"San Rafael, Argentina",NA,http://www.sanrafael.gov.ar/museos/museo-historia-natural/
MIZ,Museum and Institute of Zoology Polish Academy of Sciences,"Warsaw, Poland",Catalog prefix MIZ in MDD type vouchers,https://miiz.waw.pl/en/
MIZH,Museum and Zoological Institute of the University Halle,"Halle, Germany",NA,https://www.uni-halle.de/central_institutions/?lang=en
MLP,Museo de La Plata,"La Plata, Argentina",NA,https://www.museo.fcnym.unlp.edu.ar/div_zoovertebrados
MMK,McGregor Museum,"Kimberley, South Africa",NA,https://www.museumsnc.co.za/aboutus/depts/zoology/zoology.html#zoocollect
MMNH,Macedonian Museum of Natural History,"Skopje, North Macedonia",Catalog prefix MMNH in MDD type vouchers; Mus macedonicus holotype; distinct from other MMNH usages globally,NA
MMP,Museo Municipal de Ciencias Naturales Lorenzo Scaglia,"Mar del Plata, Argentina",Catalog prefix MMP in MDD type vouchers,https://www.mardelplata.gob.ar/cienciasnaturales
MN,"Museu Nacional, Universidade Federal do Rio de Janeiro","Rio de Janeiro, Brazil",Catalog prefix MN in MDD type vouchers; also MNRJ; MN-UFRJ alias,https://www.museunacional.ufrj.br/
MNK,Museo de Historia Natural Noel Kempff Mercado,"Santa Cruz de la Sierra, Bolivia",Catalog prefix MNK in MDD type vouchers; mammal collection at Universidad Autonoma Gabriel Rene Moreno,https://museonoelkempff.org/museo/zoologia-vertebrados/colecciones-cientificas/
MNKG,Mongolian Natural History Museum,"Ulaanbaatar, Mongolia",Catalog prefix MNKG in MDD type vouchers; distinct from MNK,https://nhm.gov.mn/client/en
MNCN,Museo Nacional de Ciencias Naturales,"Madrid, Spain",NA,https://www.mncn.csic.es/en/colecciones/cientificas/mammals
MNHN,Museum National d'Histoire Naturelle,"Paris, France",NA,https://science.mnhn.fr/institution/mnhn/search
MNHNU,Museum National d'Histoire Naturelle,"Paris, France",Catalog prefix MNHNU in MDD type vouchers; same institution as MNHN,https://science.mnhn.fr/institution/mnhn/search
MNHNC,Museo Nacional de Historia Natural de Cuba,"Havana, Cuba",NA,http://www.mnhnc.inf.cu/colecciones-cientificas/
MNZ,"Museum of New Zealand, Te Papa Tongarewa","Wellington, New Zealand",NA,https://www.tepapa.govt.nz/
NMNZ,"Museum of New Zealand, Te Papa Tongarewa","Wellington, New Zealand",Catalog prefix NMNZ in MDD type vouchers; same institution as MNZ,https://www.tepapa.govt.nz/
MPEG,Museu Paraense Emílio Goeldi,"Belém, Brazil",NA,https://www.museu-goeldi.br/assuntos/colecoes/biologicas/colecoes-de-zoologica/colecao-de-mastozoologia
MSB,Museum of Southwestern Biology,"Albuquerque, New Mexico",NA,http://www.msb.unm.edu/divisions/mammals/index.html
MSNG,Museum of Natural History “Giacomo Doria” (Museo Civico di Storia Naturale Giacomo Doria),"Genoa, Italy",NA,http://www.museidigenova.it/it/content/museo-di-storia-naturale
MSNM,Museo Civico di Storia Naturale di Milano,"Milan, Italy",Catalog prefix MSNM in MDD type vouchers,https://museodistorianaturalemilano.it/
MRSN,Museo Regionale di Scienze Naturali di Torino,"Turin, Italy",Catalog prefix MRSN in MDD type vouchers; same institution as MZACUT,https://mrsntorino.it/en/zoology/
MTQ,Museum of Tropical Queensland,"Townsville, Australia",NA,https://mtq.qm.qld.gov.au/Collections
MTD,Senckenberg Museum für Tierkunde Dresden,"Dresden, Germany",Catalog prefix MTD in MDD type vouchers; Senckenberg Dresden,https://senckenberg.de/
MUA,Museo de la Universidad de Antioquia,"Medellín, Colombia",Catalog prefix MUA in MDD type vouchers; same institution as CTUA,https://www.udea.edu.co/wps/portal/udea/web/inicio/cultura/museo-universitario
MUFAL,"Museu de História Natural, Universidade Federal de Alagoas","Maceió, Brazil",Catalog prefix MUFAL in MDD type vouchers; Holochilus oxe holotype MUFAL 00023,https://mhn.ufal.br/
MUSA,Museo de Historia Natural de la Universidad Nacional de San Agustín,"Arequipa, Peru",NA,NA
MUSM,"Museo de Historia Natural, Universidad Nacional Mayor de San Marcos","Lima, Peru",NA,https://museohn.unmsm.edu.pe/masto_coleccion.html
MVZ,"Museum of Vertebrate Zoology, Berkeley","Berkeley, United States of America",NA,https://mvz.berkeley.edu/mvzmamm/
MZUH,"Finnish Museum of Natural History, University of Helsinki","Helsinki, Finland",Catalog prefix MZUH in MDD type vouchers,https://www.luomus.fi/en
MZACUT,Museo Regionale di Scienze Naturali di Torino,"Turin, Italy",Catalog prefix MZACUT in MDD type vouchers; historical University of Turin zoological collections,https://mrsntorino.it/en/zoology/
MZB,Museum Zoologicum Bogoriense,"Bogor, Indonesia",NA,http://www.museumindonesia.com/museum/42/1/Museum_Zoologi_Bogor_Bogor
MZFC,"Museo de Zoología “Alfonso L. Herrera,” Universidad Nacional Autónoma de México","Mexico City, Mexico",NA,http://mzfcaves.fciencias.unam.mx/
MZUCV,"Laboratorio Museo de Zoología, Universidad de Carabobo","Valencia, Venezuela",Catalog prefix MZUCV/MZUC in MDD type vouchers; Rhipidomys ochoagrateroli holotype,https://www.uc.edu.ve/
MZS,Musée Zoologique de Strasbourg,"Strasbourg, France",NA,https://www.musees.strasbourg.eu/collection-musee-zoologique/-/entity/id/220396
MZUA,Museo Universidad del Azuay,"Cuenca, Ecuador",NA,https://www.facebook.com/MZUAmuseo/
MZUSP,Museu de Zoologia da Universidade de São Paulo,"São Paulo, Brazil",NA,http://mz.usp.br/laboratorios/mastozoologia/
NAMRU,"United States Naval Medical Research Unit (NAMRU) zoological voucher collection","Jakarta, Indonesia",Catalog prefix NAMRU in MDD type vouchers; Dobsonia emersa holotype NAMRU 5605 per Bergmans & Sarbini (1985 Beaufortia); types cited from NAMRU-2 surveys,NA
NHMO,"Natural History Museum, University of Oslo, Norway","Oslo, Norway",NA,NA
NMB,Natural History Museum Basel,"Basel, Switzerland",NA,https://www.nmbs.ch/home/en/museum/sammlungen/biowissenschaftlich/typenkataloge/saeugetiere.html
NMNS,"National Museum of Natural Science, Taichung","Taichung City, Taiwan",NA,https://eng.taiwan.net.tw/m1.aspx?sNo=0002112&id=2191
NMU,"Northwest Minzu University (Northwest University for Nationalities) scientific mammal collection","Lanzhou, China",Catalog prefix NMU in MDD type vouchers; Spermophilus nilkaensis types per Hou & Wang (1989) in university natural sciences series (formerly Northwest Nationalities Institute),https://www.xbmu.edu.cn/
NMP,"National Museum (Natural History), Prague, Czech Republic","Prague, Czech Republic",NA,NA
NMPR,"National Museum (Natural History), Prague, Czech Republic","Prague, Czech Republic",Catalog prefix NMPR in MDD type vouchers; same institution as NMP,NA
NMPH,"National Museum (Natural History), Prague, Czech Republic","Prague, Czech Republic",Catalog prefix NMPH in MDD type vouchers; same institution as NMP,NA
NMSL,"The National Museum of Sri Lanka, Colombo","Colombo, Sri Lanka",National Museum of Colombo,http://www.museum.gov.lk/web/index.php?option=com_divisions&task=onedivision&id=3&lang=en&Itemid=88
NMV,Museums Victoria,"Melbourne, Australia",NA,https://collections.museumsvictoria.com.au/
NMW,Naturhistorisches Museum Wien,"Vienna, Austria",NA,https://www.nhm-wien.ac.at/en/research/1_zoology_vertebrates/mammal_collection
NHMBZ,Natural History Museum of Zimbabwe,"Bulawayo, Zimbabwe",Catalog prefix NHMBZ in MDD type vouchers; same institution as NMZB,https://naturalhistorymuseumzimbabwe.com/mammology/
NHRC,"Natural History Research Centre, University of Baghdad","Baghdad, Iraq",Catalog prefix NHRC in MDD type vouchers; Nesokia bunnii holotype (destroyed 2003) and legacy NHRC accessions per Khajuria (1981) and neotype designation (2017 Zootaxa),NA
NMZB,Natural History Museum of Zimbabwe,"Bulawayo, Zimbabwe",NA,https://naturalhistorymuseumzimbabwe.com/mammology/
NMZ,Natural History Museum of Zimbabwe,"Bulawayo, Zimbabwe",Catalog prefix NMZ in MDD type vouchers (short form; Crocidura ansellorum NMZ 3675); same institution as NMZB,https://naturalhistorymuseumzimbabwe.com/mammology/
NNPM,National Museum of Natural History of Ukraine,"Kyiv, Ukraine",Catalog prefix NNPM in MDD type vouchers; same institution as NMNHU,https://museumkiev.org/en/
NHRM,Naturhistoriska riksmuseet,"Stockholm, Sweden",Catalog prefix used in MDD type vouchers; same institution as NR and RNHM,https://www.nrm.se/forskningochsamlingar/zoologi.9000585.html
NR,Naturhistoriska Riksmuseum,"Stockholm, Sweden",Synonyms: NHRM; RNHM,https://www.nrm.se/forskningochsamlingar/zoologi.9000585.html
NSMT,National Museum of Nature and Science,"Tokyo, Japan",NA,https://www.kahaku.go.jp/english/institution/specimen/index.html
NSMT-M,National Museum of Nature and Science,"Tokyo, Japan",Catalog prefix NSMT-M in MDD type vouchers; same institution as NSMT,https://www.kahaku.go.jp/english/institution/specimen/index.html
NTU,National Taiwan University,"Taipei, Taiwan",NA,http://www.museums.ntu.edu.tw/english/museums_zoology.jsp
NU,Niğde Ömer Halisdemir University,"Niğde, Turkey",Catalog prefix NU in MDD type vouchers for Nannospalax type material,https://www.ohu.edu.tr/
NUPECCE,Museum of the Deer Research and Conservation Center at Sao Paulo State University,"Jaboticabal, Brazil",NA,https://nupecce.wixsite.com/nupecce?lang=en
OUM,Oxford University Museum of Natural History,"Oxford, United Kingdom",Catalog prefix OUM in MDD type vouchers; same institution as OUMNH,https://oumnh.ox.ac.uk/
OUMNH,Oxford University Museum of Natural History,"Oxford, United Kingdom",NA,https://oumnh.ox.ac.uk/
OMUS,Ondokuz Mayıs University mammal collection,"Samsun, Turkey",Catalog prefix OMUS in MDD type vouchers; Prof. Dr. Salih Doğramacı Mammal Collection,https://www.omu.edu.tr/en
OMNH,Sam Noble Oklahoma Museum of Natural History,"Norman, United States of America",Catalog prefix OMNH in MDD type vouchers,https://samnoblemuseum.ou.edu/collections-and-research/mammalogy/
PBZT,Parc Botanique et Zoologique de Tsimbazaza,"Antananarivo, Madagascar",NA,http://pbzt.recherches.gov.mg/
PNGM,"National Museum and Art Gallery, Papua New Guinea, Boroko","Port Moresby, Papua New Guinea",NA,https://museumpng.gov.pg/collections/natural-history/
PNM,National Museum of the Philippines,"Manila, Philippines",NA,https://www.nationalmuseum.gov.ph/nationalmuseumbeta/Collections/Natural%20History.html
PSUZC,Princess Maha Chakri Sirindhorn Natural History Museum,"Songkhla, Thailand",Prince of Songkla University Zoological Collection,https://nhm.psu.ac.th/collection-th/vertebrate-collection-th/
QCAZ,"El Museo de Zoología, Pontificia Universidad Católica del Ecuador","Quito, Ecuador",NA,"https://www.puce.edu.ec/centros-de-investigacion-qcaz.php#:~:text=El%20Museo%20de%20Zoolog%C3%ADa%20de,que%20en%20%C3%A9l%20se%20realizan."
QM,Queensland Museum,"South Brisbane, Australia",NA,https://www.qm.qld.gov.au/Explore/Collections/Biodiversity+and+Geosciences/Biodiversity+Collections/Mammals+birds+reptiles+and+amphibians
RMCA,Royal Museum for Central Africa,"Tervuren, Belgium",NA,https://www.africamuseum.be/en/research/collections_libraries/biology/collections
RMNH,Naturalis Biodiversity Center,"Leiden, The Netherlands",Rijksmuseum van Natuurlijke Historie,https://bioportal.naturalis.nl/
RNHM,"Royal Natural History Museum, Stockholm","Stockholm, Sweden",Synonym of NHRM / NR (Naturhistoriska riksmuseet),
ROM,Royal Ontario Museum,"Toronto, Canada",NA,https://collections.rom.on.ca/?_ga=2.143418229.1984832703.1613055521-1445187006.1613055521
SAMA,South Australian Museum,"Adelaide, Australia",NA,https://www.samuseum.sa.gov.au/collection/biological-sciences-collection
SGMT,State Georgian Museum,"Tbilisi, Georgia",NA,http://museum.ge/index.php?lang_id=GEO&sec_id=120
SAF,Sichuan Academy of Forestry,"Chengdu, Sichuan, China",Catalog prefix SAF in MDD type vouchers,NA
SCNU,South China Normal University,"Guangzhou, China",Catalog prefix SCNU in MDD type vouchers,https://english.scnu.edu.cn/
SDNHM,San Diego Natural History Museum,"San Diego, United States of America",Catalog prefix SDNHM in MDD type vouchers,https://www.sdnhm.org/science/research-library/collections/mammalogy/
SMF,Forschungsinstitut und Naturmuseum Senckenberg,"Frankfurt, Germany",NA,https://www.senckenberg.de/en/institutes/senckenberg-research-institute-natural-history-museum-frankfurt/division-messel-research-mammalogy/section-mammalogy/mammalogy-collection/
SMNK,Staatliches Museum für Naturkunde Karlsruhe,"Karlsruhe, Germany",State Museum of Natural History Karlsruhe,https://www.smnk.de/en/collections/zoology/vertebrata/?S=sivviiym&cHash=f2d275b15a8d5eea9542d284e147726c
SMNS,Museum of Natural History Stuttgart,"Stuttgart, Germany",NA,https://naturkundemuseum-bw.de/en/research/zoology
SNHM,Shanghai Natural History Museum,"Shanghai, China",Catalog prefix SNHM in MDD type vouchers; Bubalus mindorensis holotype,https://www.snhm.org.cn/
SNMB,Staatliches Naturhistorisches Museum Braunschweig,"Braunschweig, Germany",NA,https://3landesmuseen-braunschweig.de/staatliches-naturhistorisches-museum/sammlung/abteilungen/wirbeltiere
SZM,Siberian Zoological Museum,"Novosibirsk, Russia",Catalog prefix SZM in MDD type vouchers; mammal types at SZMN,https://szmn.eco.nsc.ru/Vertebr/mamtypes.htm
THUMB,"Department of Biology, Tunghai University","Taichung City, Taiwan",NA,http://eng.thu.edu.tw/web/academics/detail.php?scid=38&sid=28
TIHO,"Institute of Zoology, University of Veterinary Medicine Hannover","Hannover, Germany",Catalog prefix TiHo/TIHO in MDD type vouchers,https://www.tiho-hannover.de/en/
TCWC,Biodiversity Research and Teaching Collections Texas A&M University,"College Station, United States of America",Catalog prefix TCWC in MDD type vouchers; same collection as BRTC,https://brtc.tamu.edu/collections/mammals/
TNRC,Centre for Thai National Reference Collections,"Bangkok, Thailand",Catalog prefix TNRC in MDD vouchers; same institution as CTNRC,NA
TAU,"Tel Aviv University, mammal collection (Zoological Museum)","Tel Aviv, Israel",Catalog prefix TAU in MDD type vouchers; Crocidura ramona holotype TAU M-9342,https://www.tau.ac.il/
TISTR,"Thailand Institute of Scientific and Technological Research (legacy acronym; collections now within NSTDA/BIOTEC orbit)","Pathum Thani, Thailand",Catalog prefix TISTR in MDD type vouchers; Megaerops niphanae holotype per original description,https://www.nstda.or.th/
TM,Ditsong National Museum of Natural History,"Pretoria, South Africa",Transvaal Museum,https://ditsong.org.za/museum-of-natural-history/
TTU,Museum of Texas Tech University,"Lubbock, United States of America",NA,https://www.depts.ttu.edu/nsrl/collections/mammal.php
TTU-M,Museum of Texas Tech University,"Lubbock, United States of America",Catalog prefix TTU-M in MDD type vouchers; mammal collection same institution as TTU,https://www.depts.ttu.edu/nsrl/collections/mammal.php
UACH,Colección de Mamíferos de la Universidad Austral de Chile,"Valdivia, Chile",NA,https://www.facebook.com/coleccionmamiferosuach/
UCLA,UCLA Mammalogy Collection / Dickey Collection,"Los Angeles, United States of America",Catalog prefix UCLA in MDD type vouchers,https://www.laclark.org/
UADBA,"Université d'Antananarivo, Département de Biologie animale","Antananarivo, Madagascar",NA,https://www.gfar.net/organizations/departement-de-biologie-animale-faculte-des-sciences-universite-dantananarivo
UANT,"Université d'Antananarivo, Département de Biologie animale","Antananarivo, Madagascar",Catalog prefix UAnt/UANT in MDD type vouchers; same institution as UADBA,https://www.gfar.net/organizations/departement-de-biologie-animale-faculte-des-sciences-universite-dantananarivo
UF,"Florida Museum of Natural History, University of Florida","Gainsville, United States of America",NA,https://www.floridamuseum.ufl.edu/mammals/
UFMG,"Centro de Coleções Taxonômicas, Universidade Federal de Minas Gerais","Belo Horizonte, Brazil",Catalog prefix UFMG in MDD type vouchers; distinct from UF (Florida),https://collectory.sibbr.gov.br/collectory/public/show/co292
UFMT,Universidade Federal de Mato Grosso,"Cuiabá, Brazil",NA,NA
UFPA,Universidade Federal do Pará,"Belém, Brazil",NA,http://icb.ufpa.br/index.php/apresentacao
UFPB,Universidade Federal da Paraiba,"João Pessoa, Brazil",NA,https://www.ufpb.br/
UFRGS,"Coleção de Mamíferos do Departamento de Zoologia da UFRGS","Porto Alegre, Brazil",Catalog prefix UFRGS in MDD type vouchers; distinct from UF (Florida),https://collectory.sibbr.gov.br/collectory/public/show/co374?lang=pt_BR
UFRRJ,"Coleção Adriano Lúcio Peracchi, Universidade Federal Rural do Rio de Janeiro","Rio de Janeiro, Brazil",NA,http://r1.ufrrj.br/labmasto/colecao.html
ULPS,"Université Louis Pasteur, Strasbourg","Strasbourg, France",Catalog prefix ULPS in MDD type vouchers for Avahi type material,NA
UIMNH,University of Illinois Museum of Natural History,"Champaign, United States of America",Catalog prefix UIMNH in MDD type vouchers,https://inhs.illinois.edu/collections/mammals/
UIS-MHN-M,La Colección de Mamíferos del Museo de Historia Natural de la Universidad Industrial de Santander,"Bucaramanga, Colombia",NA,http://biologia.uis.edu.co/museo/coleccion_mastozoologia.html
UIS,La Colección de Mamíferos del Museo de Historia Natural de la Universidad Industrial de Santander,"Bucaramanga, Colombia",Catalog prefix UIS (e.g. UIS:M:1608) in MDD type vouchers; same museum as UIS-MHN-M; shorter codes without hyphen,http://biologia.uis.edu.co/museo/coleccion_mastozoologia.html
UMCZ,Zoological Collection of the University of Mandalay,"Mandalay, Myanmar",NA,https://www.mu.edu.mm/departments/zoology/#
UMMZ,University of Michigan Museum of Zoology,"Ann Arbor, United States of America",NA,https://lsa.umich.edu/ummz/mammals/collections.html
UNAH,"Museo de Historia Natural, Universidad Nacional Autónoma de Honduras","Tegucigalpa, Honduras",Catalog prefix UNAH in MDD type vouchers,https://ciencias.unah.edu.hn/
UPNG,"Biology Museum / National Museum and Art Gallery, University of Papua New Guinea","Port Moresby, Papua New Guinea",Catalog prefix UPNG in MDD type vouchers; Echymipera echinista type,https://www.upng.ac.pg/
USAC,"Museo de Historia Natural, Universidad de San Carlos de Guatemala","Guatemala City, Guatemala",Catalog prefix USAC in MDD type vouchers,https://mushnat.usac.edu.gt/
UNB,Universidade de Brasília,"Brasília, Brazil",Catalog prefix UNB in MDD type vouchers,https://www.unb.br/
USNM,"National Museum of Natural History, Smithsonian Institution","Washington, D.C., United States of America",United States National Museum,https://collections.nmnh.si.edu/search/mammals/
UUZM,"Uppsala University, Museum of Evolution, Zoology section","Uppsala, Sweden","Zoological Museum, Museum of Evolution of Uppsala University",http://www.evolutionsmuseet.uu.se/samling/index.html
UWBM,University of Washington Burke Museum,"Seattle, United States of America",NA,https://www.burkemuseum.org/collections-and-research/biology/mammalogy
UV,"Colección de Mamíferos, Universidad del Valle","Cali, Colombia",Catalog prefix UV in MDD type vouchers,https://mammalogynotes.org/ojs/index.php/mn/article/view/318
VRC,"Virus Research Centre (ICMR), Pune — collection heritage; institute now National Institute of Virology","Pune, India",Catalog prefix VRC in MDD type vouchers; Millardia kondana holotype,https://niv.icmr.org.in/
WAM,Western Australian Museum,"Perth, Australia",NA,https://museum.wa.gov.au/research/collections/bats/mammalogy-mammals-collection
WHT,"Wildlife Heritage Trust, Sri Lanka (WHT field-tag prefix)","Colombo, Sri Lanka",Catalog prefix WHT in MDD type vouchers; established conservation/research wildlife collection (e.g. Crocidura hikmiya holotype WHT 6845 in Zootaxa 1665),https://www.facebook.com/wildlifeheritagetrustofsrilanka/
YIO,Yamashina Institute for Ornithology,"Abiko, Japan",Catalog prefix YIO in MDD type vouchers; Yamashina/Kuroda mammal type material,https://www.yamashina.or.jp/hp/english/
YPM,Yale Peabody Museum,"New Haven, United States of America",Catalog prefix YPM in MDD type vouchers,https://peabody.yale.edu/collections/vertebrate-zoology/mammalogy
ZFMK,The Zoological Research Museum Alexander Koenig,"Bonn, Germany",Zoologisches Forschungsmuseum Alexander Koenig,https://www.zfmk.de/en
ZIN,"Zoological Institute, Russian Academy of Sciences","Saint Petersburg, Russia",NA,https://www.zin.ru/museum/expositions/mammals.html
ZIUZ,"Zoological Institute, Zagreb University","Zagreb, Croatia",NA,https://www.pmf.unizg.hr/biol/en
ZBEU,Zonguldak Bülent Ecevit University,"Zonguldak, Turkey",Catalog prefix ZBEU in MDD type vouchers,https://w3.beun.edu.tr/
ZMH,Zoological Museum Hamburg,"Hamburg, Germany",Catalog prefix ZMH in MDD type vouchers; Zoologisches Museum Hamburg,https://www.cenak.uni-hamburg.de/en/collections/scientific-collections/zoology.html
ZMA,"Zoölogisch Museum, Amsterdam","Amsterdam, The Netherlands",Merged with RMNH in 2010,https://bioportal.naturalis.nl/
ZMB,Museum für Naturkunde,"Berlin, Germany",Zoologisches Museum Berlin/Zoological Museum of the Humboldt-University Berlin,https://www.museumfuernaturkunde.berlin/en/science/mammals
ZMF,Zoological Museum Frankfurt,"Frankfurt, Germany",Catalog prefix ZMF in MDD vouchers; distinct from SMF Senckenberg Frankfurt,NA
ZMMU,Zoological Museum of the Moscow State University,"Moscow, Russia",NA,http://zmmu.msu.ru/en/about-muzeum/fonds/mammal-collections
ZMNTU,"Museum of Zoology, National Taiwan University","Taipei, Taiwan",Catalog prefix ZMNTU in MDD type vouchers,https://webpageprodvm.ntu.edu.tw/ntuzoologyenglish/SiteMap.aspx
ZMUC,Zoological Museum University of Copenhagen,"Copenhagen, Denmark",Catalog prefix ZMUC in MDD type vouchers,https://snm.ku.dk/english/
ZMZ,Zoologisches Museum Zürich,"Zürich, Germany",NA,https://www.zm.uzh.ch/de/sammlungen/wissenschaftlichesammlungen.html
ZMUZ,Zoological Museum of the University of Zurich,"Zurich, Switzerland",Catalog prefix ZMUZ in MDD type vouchers; same institution as ZMZ,https://www.nmz.uzh.ch/en/wissenschaftlichesammlungen/Zoological-collection.html
ZMVNU,"Zoological Museum, Vietnam National University, Hanoi","Hanoi, Vietnam",Catalog prefix ZMVNU in MDD type vouchers; Nomascus annamensis holotype per Thinh et al. (2010),https://bio.hus.vnu.edu.vn/en/biological-museum/
ZRC,"Zoological Reference Collection, Lee Kong Chian Natural History Museum","Singapore, Singapore",Catalog prefix ZRC in MDD type vouchers,https://lkcnhm.nus.edu.sg/research/our-collections/
ZSI,Zoological Survey of India collections at the Indian Museum,"Calcutta, India",Indian Museum,http://www.zsicollections.in/search
ZSIS,"Zoological Survey of India, North Eastern Regional Centre","Shillong, India",Catalog prefix ZSIS in MDD type vouchers; ZSI Shillong regional centre,https://zsi.gov.in/regional-centres/en?rc=54
ZSM,Zoologisches Staats-Sammlung München,"Munich, Germany",NA,https://www.zsm.mwn.de/?lang=en
ZVC,"Colección Zoología Vertebrados, Facultad de Ciencias, Universidad de la República","Montevideo, Uruguay",Catalog prefix ZVC in MDD type vouchers,https://www.fcien.edu.uy/